"resposta","h","regime","beta","ep","inf","sup","n","n_regime"
"y_gasolina",0,"Controle de preços",0.0149378910106657,0.0270325086670911,-0.0295266289159961,0.0594024109373276,238,119
"y_gasolina",0,"PPI",0.105156994776669,0.0227234198166225,0.067780295274556,0.142533694278781,238,79
"y_gasolina",0,"Nova estratégia",0.0760207800110637,0.0198063246483346,0.0434422750766722,0.108599284945455,238,40
"y_gasolina",1,"Controle de preços",0.010876471881378,0.0306666688475368,-0.0395657095990126,0.0613186533617687,237,119
"y_gasolina",1,"PPI",0.249903749842172,0.0424203440294618,0.180128493108782,0.319679006575561,237,79
"y_gasolina",1,"Nova estratégia",0.11693019860889,0.0260290955673886,0.0741161463586046,0.159744250859176,237,39
"y_gasolina",2,"Controle de preços",-0.0103309999343521,0.0412266184133933,-0.0781427527585665,0.0574807528898622,236,119
"y_gasolina",2,"PPI",0.289264887546457,0.0618050735167078,0.187604588208498,0.390925186884417,236,79
"y_gasolina",2,"Nova estratégia",0.069826299170871,0.0364991222116305,0.0097905856205256,0.129862012721216,236,38
"y_gasolina",3,"Controle de preços",-0.00430801654026554,0.0461015706039249,-0.0801383521562907,0.0715223190757596,235,119
"y_gasolina",3,"PPI",0.276917542974679,0.0691633266166068,0.163153994337324,0.390681091612034,235,79
"y_gasolina",3,"Nova estratégia",0.0741166028538203,0.0548920470129409,-0.0161727797662061,0.164405985473847,235,37
"y_gasolina",4,"Controle de preços",0.00858621936779297,0.0550318380274073,-0.0819330990093938,0.0991055377449797,234,119
"y_gasolina",4,"PPI",0.223991587660129,0.0744980621415268,0.101453179945782,0.346529995374475,234,79
"y_gasolina",4,"Nova estratégia",0.0473044892203487,0.0667265974327001,-0.0624509965809589,0.157059975021656,234,36
"y_gasolina",5,"Controle de preços",0.0292756426188534,0.0646049541764652,-0.076990050577339,0.135541335815046,233,119
"y_gasolina",5,"PPI",0.196225040317465,0.0838740203587538,0.0582645537233671,0.334185526911563,233,79
"y_gasolina",5,"Nova estratégia",0.047774782792404,0.0582044376903006,-0.0479629976471578,0.143512563231966,233,35
"y_gasolina",6,"Controle de preços",0.0429974702729283,0.0710121617427933,-0.0738071415273697,0.159802082073226,232,119
"y_gasolina",6,"PPI",0.16117289195853,0.0970125930606659,0.00160137640272695,0.320744407514334,232,79
"y_gasolina",6,"Nova estratégia",0.0692661540087915,0.115505593579087,-0.120723640522952,0.259255948540535,232,34
"y_gasolina",7,"Controle de preços",0.0291837162948929,0.0680559913464853,-0.0827584279071515,0.141125860496937,231,119
"y_gasolina",7,"PPI",0.157904621012498,0.116800720458356,-0.0342154676639728,0.350024709688969,231,79
"y_gasolina",7,"Nova estratégia",0.056211920104022,0.112416732230664,-0.128697149635618,0.241120989843662,231,33
"y_gasolina",8,"Controle de preços",0.0378669145814063,0.0608236882300857,-0.0621791496084157,0.137912978771228,230,119
"y_gasolina",8,"PPI",0.19833431836954,0.126022109905892,-0.00895360618524388,0.405622242924324,230,79
"y_gasolina",8,"Nova estratégia",-0.0227727474946745,0.123562817594275,-0.22601549617096,0.180470001181611,230,32
"y_gasolina",9,"Controle de preços",0.010542509780183,0.0653019187473658,-0.096869588118312,0.117954607678678,229,119
"y_gasolina",9,"PPI",0.223870470030744,0.13830334637107,-0.00361829086723728,0.451359230928724,229,79
"y_gasolina",9,"Nova estratégia",-0.0343544364299995,0.133531012736098,-0.253993407039473,0.185284534179474,229,31
"y_gasolina",10,"Controle de preços",-0.0301731646716162,0.0750094291419906,-0.153552696251379,0.0932063669081464,228,119
"y_gasolina",10,"PPI",0.243449722171339,0.14441914240921,0.00590137197832843,0.48099807236435,228,79
"y_gasolina",10,"Nova estratégia",0.0211979092546239,0.102758905772194,-0.147825449606333,0.190221268115581,228,30
"y_gasolina",11,"Controle de preços",-0.0618942475999006,0.0788022059922178,-0.191512341937977,0.0677238467381759,227,119
"y_gasolina",11,"PPI",0.160917231874081,0.152856353058993,-0.0905090948575789,0.412343558605741,227,79
"y_gasolina",11,"Nova estratégia",0.0160048861938995,0.0763190026636407,-0.109528702142709,0.141538474530508,227,29
"y_gasolina",12,"Controle de preços",-0.0973434437637733,0.0824688658998433,-0.232992656949705,0.0383057694221585,226,119
"y_gasolina",12,"PPI",0.119990578527476,0.152106716607916,-0.130202705968733,0.370183863023686,226,79
"y_gasolina",12,"Nova estratégia",0.0790221196446755,0.0697476301376376,-0.0357025227584875,0.193746762047838,226,28
"y_ipca",0,"Controle de preços",-0.00100529918425923,0.00328999661742694,-0.00641686205309201,0.00440626368457355,238,119
"y_ipca",0,"PPI",0.00642766611006117,0.00282072380920115,0.0017879883218683,0.0110673438982541,238,79
"y_ipca",0,"Nova estratégia",0.00392044479809428,0.00424405704995729,-0.00306040783351693,0.0109012974297055,238,40
"y_ipca",1,"Controle de preços",0.000704412166384322,0.00670522620153542,-0.0103247034707413,0.0117335278035099,237,119
"y_ipca",1,"PPI",0.0175566425790586,0.00442415141519087,0.0102795610775994,0.0248337240805178,237,79
"y_ipca",1,"Nova estratégia",0.013075506330193,0.00488894383150956,0.00503390933697246,0.0211171033234135,237,39
"y_ipca",2,"Controle de preços",0.000809180008771968,0.0101496221235323,-0.015885462753307,0.0175038227708509,236,119
"y_ipca",2,"PPI",0.0220787562751275,0.00571322092914987,0.0126813441082403,0.0314761684420147,236,79
"y_ipca",2,"Nova estratégia",0.0179986982604444,0.00711415610972039,0.00629695278067181,0.0297004437402169,236,38
"y_ipca",3,"Controle de preços",0.00153863898410019,0.013295428947933,-0.020330395542783,0.0234076735109834,235,119
"y_ipca",3,"PPI",0.0238370968394497,0.00652743670488121,0.0131004189007296,0.0345737747781697,235,79
"y_ipca",3,"Nova estratégia",0.0182491623516054,0.008145915252469,0.00485032410374242,0.0316480005994683,235,37
"y_ipca",4,"Controle de preços",0.00325447756641251,0.0159551984220167,-0.022989488426772,0.0294984435595971,234,119
"y_ipca",4,"PPI",0.0235227731786223,0.00594900265111287,0.0137375345911954,0.0333080117660492,234,79
"y_ipca",4,"Nova estratégia",0.0172323826599175,0.00778567586675881,0.00442608547221071,0.0300386798476243,234,36
"y_ipca",5,"Controle de preços",0.000875665744549415,0.0181669921355212,-0.0290063771603615,0.0307577086494604,233,119
"y_ipca",5,"PPI",0.0272519066844676,0.00571242765084858,0.0178557993442714,0.0366480140246637,233,79
"y_ipca",5,"Nova estratégia",0.0138150963322816,0.00817597614786205,0.000366812311601945,0.0272633803529612,233,35
"y_ipca",6,"Controle de preços",-0.00679078579748298,0.0208518199932802,-0.0410889775419691,0.0275074059470031,232,119
"y_ipca",6,"PPI",0.026604442035636,0.0071509006670773,0.0148422571374242,0.0383666269338478,232,79
"y_ipca",6,"Nova estratégia",0.0181658314502485,0.016193193111655,-0.0084696009713829,0.0448012638718798,232,34
"y_ipca",7,"Controle de preços",-0.00969908999273537,0.0221730138728418,-0.0461704522819245,0.0267722722964538,231,119
"y_ipca",7,"PPI",0.0307961686866663,0.00933309895036081,0.0154445870274684,0.0461477503458643,231,79
"y_ipca",7,"Nova estratégia",0.0144187866775367,0.0136694614257766,-0.00806547652712506,0.0369030498821985,231,33
"y_ipca",8,"Controle de preços",-0.0080570689346056,0.0223294871652846,-0.0447858068863903,0.0286716690171791,230,119
"y_ipca",8,"PPI",0.0280713269338143,0.0122690803830417,0.00789048556640905,0.0482521683012195,230,79
"y_ipca",8,"Nova estratégia",0.0211628952305481,0.0130055959296206,-0.000229406404953642,0.0425551968660498,230,32
"y_ipca",9,"Controle de preços",-0.00863236149889253,0.0229586635902109,-0.0463960025752096,0.0291312795774245,229,119
"y_ipca",9,"PPI",0.0305481337359532,0.0147447997399503,0.00629509640502279,0.0548011710668836,229,79
"y_ipca",9,"Nova estratégia",0.0179138977941292,0.0140786309698676,-0.00524338941916885,0.0410711850074272,229,31
"y_ipca",10,"Controle de preços",-0.00785121261974075,0.0253778262155412,-0.0495940221145179,0.0338915968750364,228,119
"y_ipca",10,"PPI",0.0347746797573323,0.0150997218590056,0.00993784749158855,0.0596115120230761,228,79
"y_ipca",10,"Nova estratégia",0.0229801527670584,0.015392752153669,-0.00233867144166918,0.0482989769757859,228,30
"y_ipca",11,"Controle de preços",-0.0082009507338173,0.02738138096887,-0.0532393145314031,0.0368374130637686,227,119
"y_ipca",11,"PPI",0.0341982436746562,0.0157592667748294,0.00827655656198231,0.0601199307873301,227,79
"y_ipca",11,"Nova estratégia",0.0182444607178521,0.0146427608299101,-0.00584073754180847,0.0423296589775126,227,29
"y_ipca",12,"Controle de preços",-0.0129635804820742,0.0303691561898122,-0.0629163971883426,0.0369892362241941,226,119
"y_ipca",12,"PPI",0.0352808261376471,0.0160404851454933,0.00889657596802118,0.061665076307273,226,79
"y_ipca",12,"Nova estratégia",0.017002474269234,0.0143184525510829,-0.00654928434174721,0.0405542328802152,226,28
