"data","ipca_var","gasolina_var","gasolina_peso","cambio","brent_usd","brent_brl"
2006-07-01,0.19,0.81,4.7675,2.18928095238095,73.3958064516129,160.684041049155
2006-08-01,0.05,-0.4,4.7966,2.15588260869565,73.8716129032258,159.258525534362
2006-09-01,0.21,-0.05,4.7748,2.168745,62.7873333333333,136.16971523
2006-10-01,0.33,-0.11,4.7624,2.14828095238095,58.0358064516129,124.677217556068
2006-11-01,0.31,-0.17,4.7418,2.1579,58.3193333333333,125.8472894
2006-12-01,0.48,-0.41,4.7184,2.14992,62.4256666666667,134.21018928
2007-01-01,0.44,-0.57,4.6769,2.13847727272727,53.8448387096774,115.145963834311
2007-02-01,0.44,-0.86,4.6312,2.09625,57.0439285714286,119.578335267857
2007-03-01,0.37,0.72,4.5721,2.08867727272727,61.3838709677419,128.211096202346
2007-04-01,0.25,0.66,4.5882,2.032035,67.5263333333333,137.215872755
2007-05-01,0.28,0.33,4.6074,1.98161363636364,67.1387096774194,133.042982624633
2007-06-01,0.28,-0.77,4.6095,1.93187,70.672,136.52911664
2007-07-01,0.24,-0.51,4.5607,1.88281818181818,76.4968965517241,144.029747680251
2007-08-01,0.47,-0.89,4.5267,1.96601304347826,71.2651612903226,140.108236642356
2007-09-01,0.18,-0.79,4.467,1.89957894736842,76.1116666666667,144.580119649123
2007-10-01,0.3,0.36,4.4239,1.80104090909091,81.5287096774194,146.836541394428
2007-11-01,0.38,0.64,4.4266,1.769925,92.3751724137931,163.497127034483
2007-12-01,0.74,1.03,4.4385,1.785985,90.8946428571429,162.336468723214
2008-01-01,0.54,-0.38,4.4527,1.77425909090909,92.3243333333333,163.807287728788
2008-02-01,0.49,-1.42,4.414,1.72774210526316,93.99,162.390480473684
2008-03-01,0.48,0.76,4.3312,1.70758,103.11,176.0685738
2008-04-01,0.55,-0.14,4.343,1.68892857142857,108.116333333333,182.600764404762
2008-05-01,0.79,0.05,4.3136,1.660535,121.51935483871,201.787141887097
2008-06-01,0.74,-0.08,4.2806,1.61885714285714,130.906,211.918113142857
2008-07-01,0.53,0.59,4.2459,1.59141304347826,134.030967741935,213.29863029453
2008-08-01,0.28,-0.25,4.2483,1.61231428571429,114.694838709677,184.924126949309
2008-09-01,0.26,0.69,4.2271,1.79956818181818,98.6936666666667,177.605982280303
2008-10-01,0.45,-0.18,4.2446,2.17285217391304,74.8216129032258,162.576304252454
2008-11-01,0.36,0.21,4.218,2.26629,53.6955172413793,121.689613768966
2008-12-01,0.28,-0.09,4.2113,2.39441363636364,40.8823333333333,97.889216419697
2009-01-01,0.48,0.42,4.1972,2.30744285714286,42.4956666666667,98.0563225095238
2009-02-01,0.55,-0.04,4.1959,2.31267222222222,43.2832142857143,100.099887367063
2009-03-01,0.2,-0.34,4.1723,2.31383636363636,46.2306451612903,106.970147888563
2009-04-01,0.48,-0.46,4.1494,2.20585,50.1626666666667,110.651318266667
2009-05-01,0.47,-0.9,4.1097,2.060905,56.3570967741936,116.146622527419
2009-06-01,0.36,0.52,4.0537,1.95755714285714,68.4086666666667,133.913874066667
2009-07-01,0.24,0.68,4.059,1.93275217391304,64.1354838709677,123.957995876578
2009-08-01,0.15,0.16,4.0767,1.84518095238095,72.2209677419355,133.260754039939
2009-09-01,0.24,-0.02,4.0777,1.81979523809524,68.2226666666667,124.151283930159
2009-10-01,0.28,1.06,4.0667,1.73841904761905,71.8238709677419,124.859985364055
2009-11-01,0.41,0.85,4.0982,1.72616,76.7068965517241,132.408376551724
2009-12-01,0.37,0.13,4.1157,1.75031363636364,74.4554838709677,130.320448721408
2010-01-01,0.75,1.33,4.106,1.77982,76.6003225806452,136.334786135484
2010-02-01,0.78,0.97,4.1308,1.84163333333333,73.6421428571429,135.62182502381
2010-03-01,0.52,-1.95,4.1395,1.78584347826087,78.6364516129032,140.43239426648
2010-04-01,0.57,-0.56,4.0387,1.75657,84.1916666666667,147.888555916667
2010-05-01,0.43,0.01,3.9934,1.81319047619048,77.2677419354839,140.101133794163
2010-06-01,0,-0.76,3.9765,1.80652857142857,74.555,134.685737642857
2010-07-01,0.01,-0.13,3.9502,1.76963636363636,75.3367741935484,133.318695131965
2010-08-01,0.04,0.75,3.9415,1.75956363636364,77.1732258064516,135.791201829912
2010-09-01,0.45,-0.14,3.9678,1.71870952380952,77.5013333333333,133.202279707936
2010-10-01,0.75,1.13,3.9438,1.6835,82.27,138.501545
2010-11-01,0.83,0.81,3.9586,1.71333,85.1703448275862,145.924906903448
2010-12-01,0.63,0.25,3.9583,1.69341304347826,90.7616129032258,153.696899137447
2011-01-01,0.83,0.62,3.943,1.67491428571429,96.0322580645161,160.845800921659
2011-02-01,0.8,0.5,3.9356,1.66799,103.148928571429,172.051381367857
2011-03-01,0.79,1.97,3.9235,1.6591,114.38,189.767858
2011-04-01,0.77,6.26,3.9681,1.58644736842105,122.285517241379,193.999537023593
2011-05-01,0.47,0.85,4.1825,1.61349090909091,115.819677419355,186.873996609971
2011-06-01,0.15,-3.94,4.1987,1.58704285714286,115.005666666667,182.518921814286
2011-07-01,0.16,0.15,4.0279,1.5639380952381,116.059032258065,181.509141844854
2011-08-01,0.37,-0.14,4.0265,1.59700869565217,110.400967741935,176.311305492286
2011-09-01,0.53,0.51,4.0065,1.74977619047619,114.094666666667,199.640131193651
2011-10-01,0.43,0.17,4.0044,1.77257,109.333870967742,193.80193966129
2011-11-01,0.52,-0.25,3.9931,1.79049,110.741379310345,198.281332241379
2011-12-01,0.5,0.3,3.963,1.83688636363636,108.120333333333,198.604765931818
2012-01-01,0.56,-0.35,4.1106,1.78968181818182,110.442413793103,197.65677992163
2012-02-01,0.45,-0.4,4.0741,1.71839473684211,118.234482758621,203.173512885662
2012-03-01,0.21,0.11,4.0407,1.79530909090909,125.328387096774,225.003192703812
2012-04-01,0.64,-0.27,4.0369,1.854835,120.247,223.038344245
2012-05-01,0.36,-0.52,4.0008,1.98599090909091,111.317419354839,221.07538286217
2012-06-01,0.08,-0.41,3.9654,2.049195,96.5216666666667,197.791716725
2012-07-01,0.43,-0.43,3.9462,2.02873636363636,101.398275862069,205.710369451411
2012-08-01,0.41,-0.09,3.9117,2.02944347826087,112.878387096774,229.080306530154
2012-09-01,0.57,-0.13,3.8927,2.02807894736842,112.787333333333,228.741616263158
2012-10-01,0.59,0.75,3.8658,2.02984545454545,111.918064516129,227.176374539589
2012-11-01,0.6,1.18,3.872,2.06775,109.092413793103,225.57583862069
2012-12-01,0.79,0.18,3.8947,2.077835,109.500689655172,227.524365489655
2013-01-01,0.86,0.27,3.872,2.03107727272727,112.668333333333,228.838091189394
2013-02-01,0.6,4.1,3.8498,1.97325,116.122692307692,229.139102596154
2013-03-01,0.47,0.09,3.984,1.98284,109.133333333333,216.393938666667
2013-04-01,0.55,-0.41,3.9689,2.00221363636364,102.704666666667,205.636684118182
2013-05-01,0.37,-0.52,3.9317,2.03484285714286,102.303548387097,208.171644695853
2013-06-01,0.26,-0.93,3.8968,2.172955,102.876666666667,223.546367216667
2013-07-01,0.03,-0.23,3.8514,2.25216956521739,107.679333333333,242.512117336232
2013-08-01,0.24,-0.15,3.8412,2.34219090909091,110.467096774194,258.735029818182
2013-09-01,0.35,-0.42,3.8257,2.27050952380952,112.531333333333,255.503464060317
2013-10-01,0.57,0.01,3.7957,2.18864782608696,109.156129032258,238.904324510519
2013-11-01,0.54,0.63,3.7741,2.29535,107.549655172414,246.864101
2013-12-01,0.92,4.04,3.7778,2.34548571428571,110.866896551724,260.036722049261
2014-01-01,0.55,0.6,3.8964,2.38220909090909,108.259655172414,257.897134730408
2014-02-01,0.69,0.04,3.8983,2.38368,108.848928571429,259.461014057143
2014-03-01,0.92,0.67,3.8741,2.32608947368421,107.621612903226,250.33750091511
2014-04-01,0.67,0.43,3.8642,2.23277,107.516333333333,240.059243576667
2014-05-01,0.46,-0.35,3.8542,2.22088095238095,109.51935483871,243.229449078341
2014-06-01,0.4,-0.72,3.8237,2.23547,111.557666666667,249.383817103333
2014-07-01,0.01,-0.8,3.7811,2.22464782608696,107.187096774194,238.453541823282
2014-08-01,0.25,0.3,3.7497,2.26802857142857,102.256451612903,231.920553870968
2014-09-01,0.57,-0.07,3.7519,2.33286818181818,97.6303333333333,227.758698213636
2014-10-01,0.42,0.18,3.7283,2.44826086956522,88.3338709677419,216.264359747546
2014-11-01,0.51,1.99,3.7188,2.548365,80.5141379310345,205.179411108621
2014-12-01,0.78,0.61,3.7739,2.63936363636364,63.381,167.285506636364
2015-01-01,1.24,0.01,3.7675,2.63422857142857,48.9738709677419,129.008370156682
2015-02-01,1.22,8.42,3.7218,2.81645,56.4814285714286,159.0771195
2015-03-01,1.32,1.26,3.9871,3.13947727272727,56.588064516129,177.656942456012
2015-04-01,0.71,-0.67,3.9831,3.04322,58.47,177.9370734
2015-05-01,0.74,0.23,3.9286,3.061715,64.1558064516129,196.42679495
2015-06-01,0.79,-0.07,3.9088,3.1117380952381,61.7333333333333,192.097965079365
2015-07-01,0.62,-0.29,3.8762,3.22314347826087,57.3012903225806,184.690280199158
2015-08-01,0.22,0.67,3.8405,3.51430476190476,47.7961290322581,167.970163858679
2015-09-01,0.54,-0.23,3.8579,3.90645714285714,47.9073333333333,187.147944495238
2015-10-01,0.82,5.05,3.8275,3.8801380952381,48.3570967741936,187.632213368664
2015-11-01,1.01,3.21,3.9876,3.77646,44.7116666666667,168.8518207
2015-12-01,0.96,1.26,4.0747,3.87113636363636,38.5067741935484,149.064973826979
2016-01-01,1.27,1.88,4.0877,4.05235,31.3841935483871,127.179736725806
2016-02-01,0.9,0.55,4.1131,3.97374210526316,32.0386206896552,127.313216029038
2016-03-01,0.43,0.59,4.0991,3.70391818181818,38.2183870967742,141.557778847507
2016-04-01,0.61,-0.14,4.1048,3.565845,40.7896666666667,145.449628935
2016-05-01,0.78,-0.85,4.0739,3.53929047619048,46.5667741935484,164.813340410138
2016-06-01,0.35,-1.22,4.0084,3.42447727272727,48.5133333333333,166.132807424242
2016-07-01,0.52,-0.39,3.946,3.27556666666667,45.3729032258065,148.621969376344
2016-08-01,0.44,0,3.9105,3.20966086956522,45.31,145.429734
2016-09-01,0.08,-0.4,3.8942,3.25637142857143,46.5406666666667,151.5536972
2016-10-01,0.26,1.22,3.8752,3.185845,49.4851612903226,157.652053670968
2016-11-01,0.18,-0.43,3.9125,3.34203,44.765,149.60597295
2016-12-01,0.3,1.75,3.8886,3.35226818181818,52.5625806451613,176.203866651026
2017-01-01,0.38,0.84,3.9451,3.19660909090909,54.5212903225806,174.283252293255
2017-02-01,0.33,-0.21,3.9632,3.10419444444444,54.9028571428571,170.429144126984
2017-03-01,0.25,-2.21,3.9431,3.12793043478261,51.6387096774194,161.522291612903
2017-04-01,0.14,-1.75,3.8471,3.13617222222222,52.3741379310345,164.254316542146
2017-05-01,0.31,0.33,3.7749,3.20950909090909,50.4125806451613,161.799635876833
2017-06-01,-0.23,-2.65,3.7753,3.29536666666667,46.557,153.4223859
2017-07-01,0.24,1.06,3.6842,3.2061380952381,48.2664516129032,154.748909238095
2017-08-01,0.19,7.19,3.7144,3.15091739130435,51.6093548387097,162.616813715288
2017-09-01,0.16,2.22,3.973,3.13479,55.785,174.87426015
2017-10-01,0.42,0.24,4.0547,3.19122857142857,57.3077419354839,182.882103428571
2017-11-01,0.28,2.92,4.046,3.25938,62.5783333333333,203.9665681
2017-12-01,0.44,2.26,4.1514,3.291915,64.3746666666667,211.91593082
2018-01-01,0.29,2.44,4.2263,3.21060909090909,68.9251612903226,221.291749431085
2018-02-01,0.32,0.85,4.3167,3.2415,65.4562962962963,212.176584444444
2018-03-01,0.09,-0.19,4.3406,3.27921428571429,66.0142307692308,216.474808598901
2018-04-01,0.22,0.26,4.3281,3.40749523809524,71.9133333333333,245.044340888889
2018-05-01,0.4,3.34,4.3641,3.63605714285714,76.7873076923077,279.203038615385
2018-06-01,1.26,5,4.4915,3.77317142857143,74.4088461538462,280.757332340659
2018-07-01,0.33,-1.01,4.6558,3.82876363636364,74.3342307692308,284.608199706294
2018-08-01,-0.09,-1.45,4.5949,3.92975652173913,72.3711111111111,284.400845874396
2018-09-01,0.48,3.94,4.532,4.11654736842105,78.738,324.128706694737
2018-10-01,0.45,2.18,4.687,3.75840909090909,81.505,306.329132954545
2018-11-01,-0.21,-3.07,4.767,3.786665,65.6892307692308,248.743111030769
2018-12-01,0.15,-4.8,4.6309,3.885055,57.3822727272727,222.933285570455
2019-01-01,0.32,-2.41,4.4024,3.74168181818182,59.0923076923077,221.104613286713
2019-02-01,0.43,-1.26,4.2834,3.723625,63.705652173913,237.215959076087
2019-03-01,0.75,2.88,4.212,3.84648421052632,66.1385714285714,254.400970706767
2019-04-01,0.57,2.66,4.3015,3.89615714285714,71.2595,277.638209921429
2019-05-01,0.13,2.6,4.3904,4.00151818181818,71.1726086956522,284.798487743083
2019-06-01,0.01,-2.04,4.4986,3.85882631578947,64.17,247.620884684211
2019-07-01,0.19,-2.8,4.4069,3.77933913043478,63.9191304347826,241.572070835539
2019-08-01,0.11,-0.45,4.2753,4.01998181818182,59.0418181818182,237.347035603306
2019-09-01,-0.04,-0.04,4.2515,4.1215,62.8266666666667,258.940106666667
2019-10-01,0.1,1.28,4.2514,4.08698695652174,59.7130434782609,244.046429829868
2019-11-01,0.51,0.42,4.3017,4.155345,63.2119047619048,262.667272392857
2019-12-01,1.15,3.36,4.2975,4.10959047619048,67.1285,275.870644280952
2020-01-01,0.21,0.89,5.1495,4.14946363636364,63.6454545454545,264.094499256198
2020-02-01,0.25,-0.72,5.185,4.34101111111111,55.702,241.803000911111
2020-03-01,0.07,-1.75,5.1344,4.88385454545455,32.01,156.332184
2020-04-01,-0.31,-9.31,5.0428,5.32558,18.4666666666667,98.3457106666666
2020-05-01,-0.38,-4.35,4.5878,5.643445,29.6,167.045972
2020-06-01,0.26,3.24,4.4052,5.1966,40.2668181818182,209.250547363636
2020-07-01,0.36,3.42,4.536,5.28019130434783,43.2421739130435,228.326950676749
2020-08-01,0.24,3.22,4.6737,5.46123333333333,44.736,244.3137344
2020-09-01,0.64,1.95,4.8113,5.39948571428571,40.7396,219.972888205714
2020-10-01,0.86,0.85,4.8726,5.62579047619048,40.1895454545455,226.097962060606
2020-11-01,0.89,1.64,4.8716,5.417835,42.692380952381,231.300275757143
2020-12-01,1.35,1.54,4.9083,5.14558636363636,49.8452631578947,256.483106397129
2021-01-01,0.25,2.17,4.9164,5.356245,54.774,293.38296363
2021-02-01,0.86,7.11,5.0107,5.41649444444444,62.2765,337.320316269444
2021-03-01,0.93,11.26,5.3202,5.64614782608696,65.41,369.314529304348
2021-04-01,0.31,-0.44,5.8624,5.562135,64.7609523809524,360.209159871429
2021-05-01,0.83,2.87,5.8183,5.29105714285714,68.5133333333333,362.507961714286
2021-06-01,0.53,0.69,5.9363,5.03190476190476,73.1640909090909,368.154737445887
2021-07-01,0.96,1.55,5.9454,5.15670454545455,75.1659090909091,387.608385072314
2021-08-01,0.87,2.8,5.9796,5.25171818181818,70.7471428571429,371.544056454546
2021-09-01,1.16,2.32,6.0939,5.27969047619048,74.4886363636364,393.276943993506
2021-10-01,1.25,3.1,6.1629,5.53998,83.5380952380952,462.799376857143
2021-11-01,0.95,7.38,6.2761,5.55686,81.05,450.383503
2021-12-01,0.73,-0.67,6.675,5.65139130434783,74.2190909090909,419.441124980237
2022-01-01,0.54,-1.14,6.5822,5.53410476190476,86.5052380952381,478.729050072562
2022-02-01,1.01,-0.47,6.4742,5.19657894736842,97.129,504.738516578947
2022-03-01,1.62,6.95,6.3805,4.96838181818182,117.245217391304,582.519006355731
2022-04-01,1.06,2.48,6.7133,4.75801578947368,104.888,499.058760126316
2022-05-01,0.47,0.92,6.8084,4.95505,113.111363636364,560.472462386364
2022-06-01,0.67,-0.72,6.8393,5.04920952380952,122.710952380952,619.593309437642
2022-07-01,-0.68,-15.48,6.7443,5.36807142857143,111.925714285714,600.825228979592
2022-08-01,-0.36,-11.64,5.744,5.14328695652174,100.446363636364,516.624471920949
2022-09-01,-0.29,-8.33,5.0966,5.23695714285714,89.7495454545455,470.014523136364
2022-10-01,0.59,-1.56,4.6857,5.2503,93.3319047619048,490.020499571429
2022-11-01,0.41,2.99,4.5855,5.27465,91.4154545454546,482.184527318182
2022-12-01,0.62,-1.04,4.7029,5.24243181818182,80.9966666666667,424.6195025
2023-01-01,0.53,0.83,4.6249,5.20068181818182,82.535,429.238273863636
2023-02-01,0.84,1.16,4.6404,5.17168888888889,82.585,427.103926888889
2023-03-01,0.71,8.33,4.6555,5.21146086956522,78.434347826087,408.75753452552
2023-04-01,0.61,-0.52,5.0061,5.01973333333333,84.7394736842105,425.369560701754
2023-05-01,0.23,-1.93,4.9503,4.98283636363636,75.466,376.034729018182
2023-06-01,-0.08,-1.14,4.8435,4.85156666666667,74.8390909090909,363.086838818182
2023-07-01,0.12,4.75,4.7924,4.80083333333333,79.9086956521739,383.628329710145
2023-08-01,0.23,1.24,5.0125,4.90354347826087,86.1477272727273,422.429126235178
2023-09-01,0.26,2.8,5.062,4.93699,93.905,463.60804595
2023-10-01,0.24,-1.53,5.1909,5.06484285714286,90.7757142857143,459.764728102041
2023-11-01,0.28,-1.69,5.0988,4.89834,82.1678947368421,402.486285505263
2023-12-01,0.56,-0.34,4.9999,4.897245,77.761,380.814668445
2024-01-01,0.42,-0.31,4.9556,4.91439545454545,80.1240909090909,393.761468163223
2024-02-01,0.83,2.93,4.9198,4.96438947368421,83.4780952380952,414.417777283208
2024-03-01,0.16,0.21,5.0234,4.980135,85.4085,425.3458601475
2024-04-01,0.38,1.5,5.0258,5.12909545454546,89.9380952380952,461.301075476191
2024-05-01,0.46,0.45,5.0811,5.13304761904762,81.7461904761905,419.607088390023
2024-06-01,0.21,0.64,5.0802,5.388975,82.246,443.22163785
2024-07-01,0.38,3.15,5.1023,5.54204782608696,85.1530434782609,471.922239493384
2024-08-01,-0.02,0.67,5.2433,5.55261363636364,80.3552380952381,446.181590800866
2024-09-01,0.44,-0.12,5.2801,5.54156666666667,74.0166666666667,410.168292777778
2024-10-01,0.56,-0.13,5.25,5.62410869565217,75.6326086956522,425.366012240076
2024-11-01,0.39,-0.16,5.2148,5.80705789473684,74.3452380952381,431.727101817043
2024-12-01,0.52,0.54,5.187,6.09702857142857,73.84,450.204589714286
2025-01-01,0.16,0.61,5.1882,6.02177272727273,79.2704545454545,477.348661260331
2025-02-01,1.31,2.78,5.2119,5.765645,75.438,434.94872751
2025-03-01,0.56,0.51,5.2865,5.74681052631579,72.7328571428571,417.981949037594
2025-04-01,0.43,-0.35,5.2842,5.783675,68.1345,394.0678042875
2025-05-01,0.26,-0.66,5.2425,5.66738571428571,64.453,365.280011442857
2025-06-01,0.24,-0.34,5.1928,5.547055,71.4447619047619,396.308023747619
2025-07-01,0.26,-0.51,5.1632,5.52849130434783,71.0413043478261,392.751233336484
2025-08-01,-0.11,-0.94,5.1244,5.44692380952381,67.87,369.682718952381
2025-09-01,0.48,0.75,5.0824,5.36740909090909,67.9854545454545,364.90574677686
2025-10-01,0.09,0.29,5.0963,5.38552608695652,64.5434782608696,347.600585916824
2025-11-01,0.18,-0.42,5.1056,5.34085263157895,63.797,340.730375336842
2025-12-01,0.33,0.18,5.0754,5.45309090909091,62.5442857142857,341.059675844156
2026-01-01,0.33,2.06,5.0679,5.33802380952381,66.602380952381,355.525095294785
2026-02-01,0.7,-0.61,5.1556,5.20061666666667,70.887,368.65611365
2026-03-01,0.88,4.59,5.0907,5.23158636363636,103.134545454545,539.557281619835
2026-04-01,0.67,1.86,5.2779,5.033075,117.2875,590.3167840625
2026-05-01,0.58,-1.46,5.3401,4.9837,107.139473684211,533.950995
2026-06-01,0.16,-0.12,5.2312,5.12757142857143,85.3990909090909,437.889938571429
2026-07-01,0.07,-1.37,5.2153,5.11394782608696,83.7586956521739,428.337599546314
2026-08-01,-0.32,-0.59,5.1423,5.1531619047619,91.076,469.329373638095
